{
  "bannerImage": "/banner_image.png",
  "featuredGifts": [
    {
      "description": "All the Lorem Ipsum generators on the Internet tend to repeat predefined chunks as necessary, making this the first true generator on the Internet.",
      "image": "/gift1.jpg",
      "price": "₹1200.00",
      "title": "Item 1"
    },
    {
      "description": "It uses a dictionary of over 200 Latin words, combined with a handful of model sentence structures, to generate Lorem Ipsum which looks reasonable.",
      "image": "/gift2.jpg",
      "price": "₹2000.00",
      "title": "Item 2"
    },
    {
      "description": "The generated Lorem Ipsum is therefore always free from repetition, injected humour, or non-characteristic words etc.",
      "image": "/gift3.jpg",
      "price": "₹3200.00",
      "title": "Item 3"
    }
  ],
  "title": "Indian Gift Store"
}
