{
  "bannerImage": "/banner_image2.png",
  "featuredGifts": [
    {
      "description": "It has survived not only five centuries, but also the leap into electronic typesetting, remaining essentially unchanged.",
      "image": "/gift4.jpg",
      "price": "$300.00",
      "title": "Item 4"
    },
    {
      "description": "It is a long established fact that a reader will be distracted by the readable content of a page when looking at its layout.",
      "image": "/gift5.png",
      "price": "$40.00",
      "title": "Item 5"
    },
    {
      "description": "Many desktop publishing packages and web page editors now use Lorem Ipsum as their default model text, and a search for 'lorem ipsum' will uncover many web sites still in their infancy.",
      "image": "/gift6.png",
      "price": "$60.00",
      "title": "Item 6"
    }
  ],
  "title": "US Gift Store"
}
